question,$100K+,$50K-$99K,Under $50K
1,7.425,7.75,4.825
2,58.28625,60.8375,37.87625
3,129.9375,135.625,84.4375
4,81.675,85.25,53.075
5,19.67625,20.5375,12.78625
