question,Female,Male,Non-binary / third gender
1,18.105,15.0025,0.8925
2,99.5775,82.51375,4.90875
3,197.025,163.2625,9.7125
4,98.5125,81.63125,4.85625
5,12.78,10.59,0.63
