question,Female,Male,Non-binary / third gender
0,383.9325,318.14125,18.92625
1,42.0675,34.85875,2.07375
