question,Female,Male,Non-binary / third gender
1,14.3775,11.91375,0.70875
2,94.2525,78.10125,4.64625
3,200.7525,166.35125,9.89625
4,99.045,82.0725,4.8825
5,17.5725,14.56125,0.86625
