question,Northeast/Midwest,South,West
0,348.715,230.97875,139.30625
1,39.285,26.02125,15.69375
