question,Northeast/Midwest,South,West
0,101.365,67.14125,40.49375
1,286.635,189.85875,114.50625
