question,Northeast/Midwest,South,West
1,17.46,11.565,6.975
2,107.185,70.99625,42.81875
3,175.57,116.2925,70.1375
4,75.175,49.79375,30.03125
5,12.61,8.3525,5.0375
