question,Northeast/Midwest,South,West
1,16.49,10.9225,6.5875
2,90.695,60.07375,36.23125
3,179.45,118.8625,71.6875
4,89.725,59.43125,35.84375
5,11.64,7.71,4.65
