question,Female,Male,Non-binary / third gender
Acme Strawberries,101.83289124668435,84.10079575596816,5.06631299734748
Crimson Crown Berries,109.83023872679045,90.70557029177719,5.464190981432361
FreshPick Strawberries,41.05305039787798,33.90450928381963,2.042440318302387
Golden Meadow Berries,26.657824933687003,22.015915119363395,1.3262599469496021
Harvest Hill Berries,11.729442970822282,9.687002652519894,0.583554376657825
Red Valley Organics,49.58355437665782,40.94960212201592,2.46684350132626
Sunrise Berries,61.312997347480106,50.63660477453581,3.050397877984085
