question,$100K+,$50K-$99K,Under $50K
0,266.92875,278.6125,173.45875
1,30.07125,31.3875,19.54125
