question,$100K+,$50K-$99K,Under $50K
1,13.365,13.95,8.685
2,82.04625,85.6375,53.31625
3,134.3925,140.275,87.3325
4,57.54375,60.0625,37.39375
5,9.6525,10.075,6.2725
