question,$100K+,$50K-$99K,Under $50K
1,9.6525,10.075,6.2725
2,67.19625,70.1375,43.66625
3,127.71,133.3,82.99
4,80.19,83.7,52.11
5,12.25125,12.7875,7.96125
