question,Northeast/Midwest,South,West
0,288.575,191.14375,115.28125
1,99.425,65.85625,39.71875
