question,Northeast/Midwest,South,West
0,3.395,2.24875,1.35625
1,11.155,7.38875,4.45625
2,16.49,10.9225,6.5875
3,25.22,16.705,10.075
4,48.5,32.125,19.375
5,53.835,35.65875,21.50625
6,49.955,33.08875,19.95625
7,54.805,36.30125,21.89375
8,52.38,34.695,20.925
9,40.255,26.66375,16.08125
10,32.01,21.2025,12.7875
