question,$100K+,$50K-$99K,Under $50K
Acme Strawberries,68.31,71.3,44.39
Crimson Crown Berries,70.90875,74.0125,46.07875
Don't recall,44.17875,46.1125,28.70875
FreshPick Strawberries,25.61625,26.7375,16.64625
Golden Meadow Berries,12.25125,12.7875,7.96125
Harvest Hill Berries,9.6525,10.075,6.2725
Red Valley Organics,28.58625,29.8375,18.57625
Sunrise Berries,37.49625,39.1375,24.36625
