question,Female,Male,Non-binary / third gender
1,11.1825,9.26625,0.55125
2,95.3175,78.98375,4.69875
3,208.2075,172.52875,10.26375
4,88.9275,73.68875,4.38375
5,22.365,18.5325,1.1025
