question,$100K+,$50K-$99K,Under $50K
0,2.59875,2.7125,1.68875
1,8.53875,8.9125,5.54875
2,12.6225,13.175,8.2025
3,19.305,20.15,12.545
4,37.125,38.75,24.125
5,41.20875,43.0125,26.77875
6,38.23875,39.9125,24.84875
7,41.95125,43.7875,27.26125
8,40.095,41.85,26.055
9,30.81375,32.1625,20.02375
10,24.5025,25.575,15.9225
