question,Northeast/Midwest,South,West
1,12.61,8.3525,5.0375
2,87.785,58.14625,35.06875
3,166.84,110.51,66.65
4,104.76,69.39,41.85
5,16.005,10.60125,6.39375
