question,$100K+,$50K-$99K,Under $50K
Acme Strawberries,71.43501326259947,72.1949602122016,47.37002652519894
Crimson Crown Berries,77.04509283819628,77.86472148541114,51.09018567639257
FreshPick Strawberries,28.79840848806366,29.104774535809018,19.09681697612732
Golden Meadow Berries,18.70026525198939,18.89920424403183,12.40053050397878
Harvest Hill Berries,8.228116710875332,8.315649867374006,5.456233421750663
Red Valley Organics,34.782493368700266,35.1525198938992,23.06498673740053
Sunrise Berries,43.0106100795756,43.46816976127321,28.521220159151195
