question,Northeast/Midwest,South,West
0,254.625,168.65625,101.71875
1,133.375,88.34375,53.28125
