question,Northeast/Midwest,South,West
0,306.035,202.70875,122.25625
1,81.965,54.29125,32.74375
