question,Northeast/Midwest,South,West
1,10.185,6.74625,4.06875
2,73.235,48.50875,29.25625
3,168.78,111.795,67.425
4,108.64,71.96,43.4
5,27.16,17.99,10.85
