question,$100K+,$50K-$99K,Under $50K
0,276.58125,288.6875,179.73125
1,20.41875,21.3125,13.26875
