question,Female,Male,Non-binary / third gender
0,382.8675,317.25875,18.87375
1,43.1325,35.74125,2.12625
