question,Northeast/Midwest,South,West
0,309.915,205.27875,123.80625
1,78.085,51.72125,31.19375
