question,Northeast/Midwest,South,West
1,18.915,12.52875,7.55625
2,108.155,71.63875,43.20625
3,179.935,119.18375,71.88125
4,67.415,44.65375,26.93125
5,13.58,8.995,5.425
