question,Northeast/Midwest,South,West
0,361.325,239.33125,144.34375
1,26.675,17.66875,10.65625
