question,Northeast/Midwest,South,West
0,349.685,231.62125,139.69375
1,38.315,25.37875,15.30625
