question,$100K+,$50K-$99K,Under $50K
0,220.89375,230.5625,143.54375
1,76.10625,79.4375,49.45625
