question,Northeast/Midwest,South,West
1,6.305,4.17625,2.51875
2,72.75,48.1875,29.0625
3,154.715,102.47875,61.80625
4,124.645,82.56125,49.79375
5,29.585,19.59625,11.81875
