question,$100K+,$50K-$99K,Under $50K
1,4.82625,5.0375,3.13625
2,53.46,55.8,34.74
3,122.5125,127.875,79.6125
4,83.9025,87.575,54.5225
5,32.29875,33.7125,20.98875
