question,$100K+,$50K-$99K,Under $50K
1,0.37125,0.3875,0.24125
2,38.23875,39.9125,24.84875
3,173.0025,180.575,112.4225
4,82.78875,86.4125,53.79875
5,2.59875,2.7125,1.68875
