question,$100K+,$50K-$99K,Under $50K
0,194.90625,203.4375,126.65625
1,102.09375,106.5625,66.34375
