question,$100K+,$50K-$99K,Under $50K
1,10.02375,10.4625,6.51375
2,65.71125,68.5875,42.70125
3,139.96125,146.0875,90.95125
4,69.0525,72.075,44.8725
5,12.25125,12.7875,7.96125
