question,$100K+,$50K-$99K,Under $50K
1,7.79625,8.1375,5.06625
2,66.45375,69.3625,43.18375
3,145.15875,151.5125,94.32875
4,61.99875,64.7125,40.28875
5,15.5925,16.275,10.1325
