question,Northeast/Midwest,South,West
1,13.095,8.67375,5.23125
2,85.845,56.86125,34.29375
3,182.845,121.11125,73.04375
4,90.21,59.7525,36.0375
5,16.005,10.60125,6.39375
