question,Female,Male,Non-binary / third gender
1,10.65,8.825,0.525
2,83.6025,69.27625,4.12125
3,186.375,154.4375,9.1875
4,117.15,97.075,5.775
5,28.2225,23.38625,1.39125
