question,$100K+,$50K-$99K,Under $50K
0,77.59125,80.9875,50.42125
1,219.40875,229.0125,142.57875
