question,Female,Male,Non-binary / third gender
1,6.9225,5.73625,0.34125
2,79.875,66.1875,3.9375
3,169.8675,140.75875,8.37375
4,136.8525,113.40125,6.74625
5,32.4825,26.91625,1.60125
