question,Northeast/Midwest,South,West
1,10.185,6.74625,4.06875
2,86.815,57.50375,34.68125
3,189.635,125.60875,75.75625
4,80.995,53.64875,32.35625
5,20.37,13.4925,8.1375
