question,Female,Male,Non-binary / third gender
1,12.2475,10.14875,0.60375
2,113.4225,93.98625,5.59125
3,194.3625,161.05625,9.58125
4,90.525,75.0125,4.4625
5,15.4425,12.79625,0.76125
