question,Northeast/Midwest,South,West
1,11.155,7.38875,4.45625
2,103.305,68.42625,41.26875
3,177.025,117.25625,70.71875
4,82.45,54.6125,32.9375
5,14.065,9.31625,5.61875
