question,Female,Male,Non-binary / third gender
0,336.0075,278.42875,16.56375
1,89.9925,74.57125,4.43625
