question,Northeast/Midwest,South,West
1,6.305,4.17625,2.51875
2,69.84,46.26,27.9
3,160.05,106.0125,63.9375
4,109.61,72.6025,43.7875
5,42.195,27.94875,16.85625
