question,Female,Male,Non-binary / third gender
1,20.7675,17.20875,1.02375
2,118.7475,98.39875,5.85375
3,197.5575,163.70375,9.73875
4,74.0175,61.33375,3.64875
5,14.91,12.355,0.735
