question,$100K+,$50K-$99K,Under $50K
2-3 times a month,113.23125,118.1875,73.58125
About once a month,58.28625,60.8375,37.87625
More than once a week,38.23875,39.9125,24.84875
Never / less than once a month,13.73625,14.3375,8.92625
Once a week,73.5075,76.725,47.7675
