question,Northeast/Midwest,South,West
Acme Strawberries,92.20689655172414,62.315649867374006,36.47745358090186
Crimson Crown Berries,99.44827586206897,67.20954907161804,39.342175066313
FreshPick Strawberries,37.172413793103445,25.122015915119363,14.705570291777189
Golden Meadow Berries,24.137931034482758,16.312997347480106,9.549071618037136
Harvest Hill Berries,10.620689655172415,7.177718832891247,4.201591511936339
Red Valley Organics,44.89655172413793,30.342175066312997,17.76127320954907
Sunrise Berries,55.51724137931034,37.51989389920424,21.96286472148541
