question,Female,Male,Non-binary / third gender
0,279.5625,231.65625,13.78125
1,146.4375,121.34375,7.21875
