question,$100K+,$50K-$99K,Under $50K
1,8.53875,8.9125,5.54875
2,79.07625,82.5375,51.38625
3,135.50625,141.4375,88.05625
4,63.1125,65.875,41.0125
5,10.76625,11.2375,6.99625
