question,Northeast/Midwest,South,West
1,0.485,0.32125,0.19375
2,49.955,33.08875,19.95625
3,226.01,149.7025,90.2875
4,108.155,71.63875,43.20625
5,3.395,2.24875,1.35625
