question,Northeast/Midwest,South,West
0,301.185,199.49625,120.31875
1,86.815,57.50375,34.68125
