question,Female,Male,Non-binary / third gender
1,11.1825,9.26625,0.55125
2,80.4075,66.62875,3.96375
3,185.31,153.555,9.135
4,119.28,98.84,5.88
5,29.82,24.71,1.47
