question,$100K+,$50K-$99K,Under $50K
0,234.25875,244.5125,152.22875
1,62.74125,65.4875,40.77125
