question,Female,Male,Non-binary / third gender
1,0.5325,0.44125,0.02625
2,54.8475,45.44875,2.70375
3,248.145,205.6225,12.2325
4,118.7475,98.39875,5.85375
5,3.7275,3.08875,0.18375
