question,Female,Male,Non-binary / third gender
0,111.2925,92.22125,5.48625
1,314.7075,260.77875,15.51375
