question,Northeast/Midwest,South,West
1,9.7,6.425,3.875
2,76.145,50.43625,30.41875
3,169.75,112.4375,67.8125
4,106.7,70.675,42.625
5,25.705,17.02625,10.26875
