question,$100K+,$50K-$99K,Under $50K
0,237.22875,247.6125,154.15875
1,59.77125,62.3875,38.84125
