question,Female,Male,Non-binary / third gender
1,6.9225,5.73625,0.34125
2,76.68,63.54,3.78
3,175.725,145.6125,8.6625
4,120.345,99.7225,5.9325
5,46.3275,38.38875,2.28375
