question,$100K+,$50K-$99K,Under $50K
1,12.6225,13.175,8.2025
2,69.42375,72.4625,45.11375
3,137.3625,143.375,89.2625
4,68.68125,71.6875,44.63125
5,8.91,9.3,5.79
