question,Female,Male,Non-binary / third gender
0,330.6825,274.01625,16.30125
1,95.3175,78.98375,4.69875
