question,$100K+,$50K-$99K,Under $50K
1,4.82625,5.0375,3.13625
2,55.6875,58.125,36.1875
3,118.42875,123.6125,76.95875
4,95.41125,99.5875,62.00125
5,22.64625,23.6375,14.71625
