question,Female,Male,Non-binary / third gender
0,396.7125,328.73125,19.55625
1,29.2875,24.26875,1.44375
