question,Female,Male,Non-binary / third gender
1,13.845,11.4725,0.6825
2,96.3825,79.86625,4.75125
3,183.18,151.79,9.03
4,115.02,95.31,5.67
5,17.5725,14.56125,0.86625
