question,$100K+,$50K-$99K,Under $50K
1,14.47875,15.1125,9.40875
2,82.78875,86.4125,53.79875
3,137.73375,143.7625,89.50375
4,51.60375,53.8625,33.53375
5,10.395,10.85,6.755
