question,Female,Male,Non-binary / third gender
1,19.17,15.885,0.945
2,117.6825,97.51625,5.80125
3,192.765,159.7325,9.5025
4,82.5375,68.39375,4.06875
5,13.845,11.4725,0.6825
