question,Female,Male,Non-binary / third gender
0,340.2675,281.95875,16.77375
1,85.7325,71.04125,4.22625
