question,$100K+,$50K-$99K,Under $50K
1,7.79625,8.1375,5.06625
2,56.05875,58.5125,36.42875
3,129.195,134.85,83.955
4,83.16,86.8,54.04
5,20.79,21.7,13.51
