question,Female,Male,Non-binary / third gender
0,3.7275,3.08875,0.18375
1,12.2475,10.14875,0.60375
2,18.105,15.0025,0.8925
3,27.69,22.945,1.365
4,53.25,44.125,2.625
5,59.1075,48.97875,2.91375
6,54.8475,45.44875,2.70375
7,60.1725,49.86125,2.96625
8,57.51,47.655,2.835
9,44.1975,36.62375,2.17875
10,35.145,29.1225,1.7325
