question,$100K+,$50K-$99K,Under $50K
0,267.67125,279.3875,173.94125
1,29.32875,30.6125,19.05875
