question,Female,Male,Non-binary / third gender
0,316.8375,262.54375,15.61875
1,109.1625,90.45625,5.38125
