question,$100K+,$50K-$99K,Under $50K
0,230.54625,240.6375,149.81625
1,66.45375,69.3625,43.18375
